employee_id,first_name,last_name,salary,job_title,department
1,Matt,Tolle,96331,Automation Specialist IV,Finance
2,Ramsay,Banner,116198,Internal Auditor,IT
3,Cori,Mitford,133301,Accountant II,Finance
4,Edouard,Trapp,168864,Automation Specialist II,Finance
5,Huntington,Yorkston,159168,Software Test Engineer III,IT
6,Mal,Pacheco,187900,Software Engineer III,Marketing
7,Perry,Adame,93886,Help Desk Operator,Sales
8,Delainey,Friese,153890,Analyst Programmer,Sales
9,Arturo,Haggish,70148,Senior Editor,Sales
10,Gun,Fratson,95791,Administrative Officer,HR
11,Ragnar,Bortolussi,85986,Statistician III,Finance
12,Chaddie,Daspar,156398,Mechanical Systems Engineer,Sales
13,Brockie,Parlott,138140,Developer IV,HR
14,Jermain,Cary,60596,Professor,Marketing
15,Emmy,Brelsford,150763,Chief Design Engineer,Marketing
16,Skipper,Lascell,194734,Editor,Marketing
17,Lydon,Doyland,109224,Compensation Analyst,IT
18,Jimmy,Schott,189386,Food Chemist,IT
19,Remington,Fishbourn,67901,Senior Sales Associate,Sales
20,Eal,Bagster,96280,Automation Specialist I,HR
21,Lester,Baruch,155007,Executive Secretary,Marketing
22,Franklin,Kleinzweig,76770,Design Engineer,HR
23,Ashbey,Mellish,120686,Software Test Engineer III,Sales
24,Milo,Bannell,56691,Human Resources Assistant II,HR
25,Felipe,Iglesia,121879,Administrative Assistant I,Sales
26,Glynn,Weathers,60043,Compensation Analyst,Marketing
27,Luce,Jowett,122733,Staff Accountant III,Marketing
28,Cass,Huddleston,152568,Compensation Analyst,Marketing
29,Barnabas,Hanford,160476,Programmer II,IT
30,Webster,Hugnin,102160,Geological Engineer,Marketing
31,Craggy,Rumgay,184587,Operator,Finance
32,Jonah,Gotmann,185943,Nurse,Finance
33,Christoph,Trengove,194365,Software Consultant,HR
34,Tannie,Vizard,138323,Help Desk Technician,Marketing
35,Cordell,Tuffley,50570,Senior Financial Analyst,Finance
36,Stephan,Cuddon,167918,Dental Hygienist,Finance
37,Kinsley,Coltman,186477,Associate Professor,Finance
38,Paulie,Brasener,93493,Senior Cost Accountant,Marketing
39,Wash,MacGrath,173499,Systems Administrator II,IT
40,Frannie,Osbaldstone,54532,Legal Assistant,Marketing
41,Fredek,Locke,199404,Health Coach I,Finance
42,Galvan,Woolfitt,192930,GIS Technical Architect,HR
43,Barclay,Farnan,94622,Geological Engineer,Sales
44,Kristos,Fulop,93163,Software Consultant,Marketing
45,Ludvig,Drugan,85750,Health Coach III,Marketing
46,Glenden,Cameron,113023,Recruiter,Sales
47,Tobie,Gately,171098,Safety Technician II,Sales
48,Jerad,Guerin,134155,Analog Circuit Design manager,Marketing
49,Eddie,Haswall,165425,Environmental Tech,Marketing
50,Alard,Lyons,197119,Automation Specialist IV,Marketing
51,Kiel,Le Pine,57056,Senior Financial Analyst,IT
52,David,Vanyard,69617,Marketing Assistant,Sales
53,Reggy,Royall,138918,Business Systems Development Analyst,Finance
54,Barnabas,MacCague,58130,Help Desk Technician,Finance
55,Owen,Giraudou,179315,Community Outreach Specialist,Finance
56,Georgy,Bailes,50466,Sales Associate,IT
57,Alasteir,Stallon,171183,Help Desk Operator,HR
58,Torin,Valens-Smith,76396,Payment Adjustment Coordinator,Finance
59,Archibald,Lavalle,177835,Internal Auditor,Sales
60,Stanfield,Chiene,154446,Help Desk Operator,HR
61,Wallis,McKeever,125586,Payment Adjustment Coordinator,Sales
62,Arron,Stacey,166032,Compensation Analyst,Finance
63,Luke,Blenkinship,168270,Structural Engineer,Marketing
64,Artemis,Tomasz,104533,Financial Analyst,Finance
65,Alejandro,Strowther,174443,Research Nurse,Sales
66,Brion,Wolfendale,130614,Research Associate,Marketing
67,Ansell,Crockford,188003,VP Marketing,IT
68,Toddy,Exton,169390,VP Product Management,IT
69,Rossie,Walsom,61300,Geological Engineer,Finance
70,Curry,York,195601,Systems Administrator III,Sales
71,Niels,Berrow,123888,Software Engineer IV,HR
72,Andrus,Senner,64964,VP Marketing,Finance
73,Whitby,Ourry,159642,Recruiter,Marketing
74,Pren,Jaques,89578,Administrative Assistant IV,Sales
75,Reginald,Cufflin,142053,Media Manager II,IT
76,Brandy,Nannizzi,179386,VP Accounting,HR
77,Griffy,Galle,65282,Physical Therapy Assistant,HR
78,Michale,Minichi,89200,Office Assistant III,Finance
79,Tremaine,Affron,111663,Analyst Programmer,Marketing
80,Meredith,Robens,96631,Web Developer II,Finance
81,Gerrard,Freddi,181814,Research Nurse,Marketing
82,Mischa,Squeers,186849,Structural Engineer,IT
83,Tommy,Arnli,105868,Web Developer II,Finance
84,Halsy,Pavinese,177347,Pharmacist,Marketing
85,Ted,Bartolomeo,152137,Accounting Assistant I,IT
86,Izak,Angus,150946,Senior Financial Analyst,Sales
87,Rafaello,Oldall,137279,Chemical Engineer,Finance
88,Ruperto,Boxall,92623,Sales Associate,HR
89,Willem,Hillum,125657,Tax Accountant,Marketing
90,Zebadiah,Grent,73160,Senior Sales Associate,HR
91,Abbot,Archdeckne,165813,Computer Systems Analyst IV,Finance
92,Mendy,Tafani,186780,Actuary,IT
93,Patrizio,Knutsen,152143,Geological Engineer,Finance
94,Preston,Ascraft,134025,Web Designer I,IT
95,Urban,Salvador,75772,Account Representative II,Marketing
96,Curtice,Clearley,70708,Senior Editor,HR
97,Richy,Gibling,177460,Programmer IV,IT
98,Hewett,MacClenan,167401,Assistant Media Planner,Marketing
99,Damiano,Kisby,73059,Sales Representative,IT
100,Prent,Poel,73380,Human Resources Assistant I,Marketing
101,Boone,Drable,193751,Quality Engineer,IT
102,Hymie,Larwood,61072,Research Associate,Sales
103,Barnaby,Badsey,160497,Product Engineer,HR
104,Galen,Phillpot,164135,Software Engineer IV,Sales
105,Nels,Schirak,195469,Internal Auditor,Marketing
106,Lowe,Tegeller,90995,Account Coordinator,Sales
107,Johnny,Kennicott,169614,Senior Developer,HR
108,Winfield,Brager,98724,Senior Quality Engineer,HR
109,Sol,Sheards,102878,Recruiting Manager,IT
110,Lay,Logesdale,189150,Pharmacist,Finance
111,Bowie,Stanistreet,149603,Chemical Engineer,Finance
112,Ephrayim,Vasyuchov,110100,Accountant I,Marketing
113,Skippy,Tipperton,113146,VP Sales,Sales
114,Fremont,Yukhin,164014,Help Desk Technician,Marketing
115,Artemas,Denholm,83413,Analog Circuit Design manager,Marketing
116,Merry,Darker,179932,Systems Administrator III,Finance
117,Tedman,Grayling,117554,Technical Writer,HR
118,Ganny,Bulloch,52016,Human Resources Manager,HR
119,Jedd,Eastridge,114451,Marketing Manager,Finance
120,Sutherland,Byrd,149485,GIS Technical Architect,Marketing
121,Hermann,Rowler,138448,Financial Analyst,IT
122,Godart,Tubridy,113168,Design Engineer,Sales
123,Carny,Angeau,95236,Marketing Assistant,Sales
124,Langsdon,Libbe,170086,Senior Quality Engineer,Marketing
125,Pen,Florentine,170379,Clinical Specialist,IT
126,Pavlov,Saundercock,187553,Geological Engineer,Finance
127,Gregory,Aldous,78601,Senior Editor,HR
128,Zeke,Rodear,190431,Programmer III,Marketing
129,Quint,Dragon,171967,Software Consultant,Finance
130,Silvain,Rolse,125117,Database Administrator III,Finance
131,Xavier,Chatelot,121874,Senior Editor,Marketing
132,Roger,Wardesworth,152611,Engineer III,HR
133,Kip,Crofts,71599,Professor,IT
134,Bail,MacDiarmid,102923,Marketing Manager,Marketing
135,Delmor,Carnegie,65083,Junior Executive,Finance
136,Benedick,Fishleigh,133347,Safety Technician III,HR
137,Whit,Baumann,113443,Cost Accountant,HR
138,Kenton,Skeemor,79610,Internal Auditor,IT
139,Cornall,Siddall,59443,General Manager,Finance
140,Bartie,Christoforou,62315,Legal Assistant,Finance
141,Georges,Andriulis,165926,Project Manager,Sales
142,Bald,Chiplen,92068,VP Accounting,IT
143,Linn,Frankiewicz,58659,VP Accounting,IT
144,Lindsey,Aldritt,148626,Graphic Designer,Sales
145,Bran,Bultitude,76333,Database Administrator I,Marketing
146,Kelby,Adamovitch,143344,Staff Accountant II,Finance
147,Moss,Slocombe,194171,Technical Writer,IT
148,Elisha,Henrot,104287,Staff Accountant II,HR
149,Kile,McTrustram,164133,Analog Circuit Design manager,Marketing
150,Erwin,Marchment,97450,Professor,Finance
151,Felic,Paggitt,181012,Senior Developer,Marketing
152,Christoph,Bruhn,88215,VP Marketing,HR
153,Randi,Welford,77387,Speech Pathologist,IT
154,Solly,Wraight,119018,Developer II,HR
155,Kerby,Veysey,167861,Social Worker,Sales
156,Brit,Graffham,101535,Staff Scientist,Finance
157,Mario,Pretti,166024,Health Coach IV,HR
158,Lambert,Manifould,131080,Electrical Engineer,IT
159,Caddric,Lodder,191106,Junior Executive,IT
160,Tann,Heathfield,195744,Senior Cost Accountant,IT
161,Marshall,Scott,82408,Physical Therapy Assistant,Finance
162,Nicholas,Bound,68102,Sales Associate,Finance
163,Spense,Burnett,171651,Information Systems Manager,HR
164,Mikel,Doidge,124659,Civil Engineer,Marketing
165,Keane,Courcey,160848,Senior Sales Associate,HR
166,Barry,Vasyutin,102447,Speech Pathologist,HR
167,Findley,McQuarrie,193867,Quality Engineer,IT
168,Wally,Drakeford,146073,Operator,Sales
169,Birk,Krug,127715,General Manager,Sales
170,Leicester,Grishin,93549,Budget/Accounting Analyst III,Finance
171,Gael,Wick,62274,Project Manager,Finance
172,Henderson,Farquhar,57914,Senior Cost Accountant,Sales
173,Buiron,Abels,177608,Desktop Support Technician,Finance
174,Reynolds,Nursey,135008,Structural Analysis Engineer,IT
175,Felike,Coonan,145683,Environmental Tech,Marketing
176,Loren,Rigge,63629,Staff Scientist,Sales
177,Ilaire,Pleace,129523,Senior Quality Engineer,Sales
178,Edouard,Peddie,68240,GIS Technical Architect,IT
179,Ferdinand,Eriksson,62005,Recruiter,Marketing
180,Had,Guilloux,155842,Registered Nurse,HR
181,Quintin,Meeny,165566,Technical Writer,Finance
182,Jonathon,Chiverton,172414,Marketing Manager,Sales
183,Domenic,Wonfar,194987,Human Resources Assistant IV,IT
184,Clevie,Jannings,102137,Pharmacist,Finance
185,Kaine,Sher,110340,VP Quality Control,Sales
186,Warden,Scholtz,190800,Financial Analyst,HR
187,Patten,Gulliver,150220,Senior Cost Accountant,Finance
188,Egor,Livick,121633,Financial Analyst,Finance
189,Riley,Dibley,107690,Account Executive,Marketing
190,Tonnie,Handrahan,184056,Sales Representative,IT
191,Andreas,Sunnucks,97981,Nurse,HR
192,Sigismundo,Arnaudin,136138,Web Developer II,IT
193,Tedman,Jermyn,120178,Occupational Therapist,Marketing
194,Gearard,Laverick,98846,Automation Specialist I,Finance
195,Massimo,Lapthorn,151074,Quality Control Specialist,Sales
196,Onofredo,Hakonsen,55270,Sales Associate,Finance
197,Del,Cometto,74557,Occupational Therapist,Sales
198,Brien,Woodard,97082,Developer III,HR
199,Padraig,Bottjer,74429,Nurse,IT
200,Lou,Hayball,172218,Community Outreach Specialist,HR
201,Klement,Marunchak,101087,Environmental Specialist,IT
202,Ewell,MacMenamie,99689,Biostatistician I,HR
203,Gaston,Woodruff,63271,Human Resources Manager,IT
204,Chadwick,Sellor,179566,VP Quality Control,Marketing
205,Dun,Geratt,88593,Health Coach I,Finance
206,Jarred,Steinham,171393,VP Accounting,Finance
207,Perry,Baskett,194419,GIS Technical Architect,Sales
208,Wynn,Grievson,199530,Human Resources Manager,HR
209,Job,Gillise,173003,VP Marketing,IT
210,Dannie,Blowfield,58277,Staff Accountant III,Marketing
211,Levi,Van der Veldt,190067,Staff Scientist,HR
212,Kennett,Barlee,132750,Environmental Tech,IT
213,Dru,Bellino,161882,Administrative Officer,Sales
214,Alonso,Devonshire,51346,Sales Representative,Sales
215,Constantin,Gallelli,137800,Business Systems Development Analyst,IT
216,Stephanus,Foulis,128403,Developer II,Marketing
217,Ly,Jakoviljevic,71427,Sales Representative,Sales
218,Rudyard,McVee,76198,Teacher,Sales
219,Chris,Justice,67107,Internal Auditor,IT
220,D'arcy,Bissiker,140267,Database Administrator II,Marketing
221,Chuck,Ghelardoni,72868,Assistant Media Planner,Sales
222,Granville,Longfield,197926,Clinical Specialist,HR
223,Ulysses,Bengtsson,84398,Executive Secretary,IT
224,Saunderson,Heinritz,192785,Desktop Support Technician,Finance
225,Emile,Rosbrough,62698,Financial Analyst,Finance
226,Isiahi,Boddy,101840,Staff Scientist,IT
227,Rad,McMurtyr,109541,Budget/Accounting Analyst II,Finance
228,Chaddy,Cock,91170,Sales Associate,Marketing
229,Chrissy,Reyne,170018,Clinical Specialist,IT
230,Sandor,Arton,92431,Media Manager III,IT
231,Palm,Gockelen,143352,Tax Accountant,Sales
232,Derril,Romanski,162426,Recruiting Manager,IT
233,Kiley,Moulsdall,163811,Structural Analysis Engineer,HR
234,Adrien,Cabrera,140609,Mechanical Systems Engineer,IT
235,Amos,Trustrie,146339,Structural Analysis Engineer,Finance
236,Orren,Heasley,182023,Account Coordinator,Sales
237,Zaccaria,Martinovsky,80971,Web Designer IV,HR
238,Krishna,Benneton,53487,Professor,Marketing
239,Emmet,Walthew,71708,Programmer Analyst II,IT
240,Roley,Tooker,152273,Electrical Engineer,Marketing
241,Bert,Boutwell,111915,Paralegal,HR
242,Rik,Soans,163151,Electrical Engineer,Marketing
243,Burr,Zanetello,81463,Health Coach IV,Marketing
244,Palmer,Carder,136395,Nurse Practicioner,Finance
245,Bondon,Gallafant,186217,Senior Editor,Finance
246,Ody,MacKey,82756,Statistician III,HR
247,Hammad,Croll,59405,Occupational Therapist,Finance
248,Leroy,Sharnock,105604,Paralegal,HR
249,Bartolomeo,Lerwill,52869,Professor,Sales
250,Chico,Studman,160404,Human Resources Manager,Sales
251,Waylin,Mazzei,193514,Geologist I,IT
252,Dani,Spilsburie,79500,Marketing Assistant,Marketing
253,Luis,Jado,159509,Graphic Designer,Marketing
254,Silvanus,Robuchon,101135,VP Quality Control,IT
255,Sansone,Hambly,182344,Human Resources Manager,Finance
256,Morie,Lamplugh,185673,Occupational Therapist,Marketing
257,Alfredo,Alder,98287,Nuclear Power Engineer,HR
258,Cleon,Gealle,116309,Senior Financial Analyst,HR
259,Gregory,MacKaig,191360,Nurse,IT
260,Freemon,Landeaux,54861,Assistant Manager,HR
261,Horatio,Lars,92745,Account Representative I,Sales
262,De witt,Kienlein,109499,Physical Therapy Assistant,Sales
263,Ado,Banaszczyk,114237,Structural Analysis Engineer,HR
264,Corney,Rosenzveig,101655,Structural Analysis Engineer,HR
265,Izak,Arunowicz,101532,Teacher,HR
266,Constantine,Lovegrove,65193,Civil Engineer,IT
267,Rex,Pimblotte,154871,Dental Hygienist,Marketing
268,Fredek,Haensel,103660,Administrative Officer,IT
269,Maurise,Moulton,167877,Account Executive,IT
270,Jake,Bawden,94820,Account Representative II,IT
271,Chaddie,Largen,82369,Geological Engineer,Marketing
272,Rube,Freke,161192,Tax Accountant,HR
273,Skylar,Lyard,155703,Analyst Programmer,IT
274,Harold,Hadgkiss,165548,Database Administrator I,Sales
275,Clevie,McFarlan,151118,Account Coordinator,Finance
276,Marlin,Poulsom,67770,Software Test Engineer II,Finance
277,Paulo,Maggiore,88643,Sales Representative,Finance
278,Stacee,McArthur,126201,Product Engineer,Marketing
279,Lannie,Lukianovich,121272,Staff Accountant II,HR
280,Rinaldo,Lowmass,139590,Senior Developer,Finance
281,Otho,Tolchar,102697,Geologist I,Marketing
282,Darbee,Munt,154554,Research Assistant IV,Marketing
283,Mikael,Vick,104914,Food Chemist,Sales
284,Nikita,Dunkerton,110955,Developer II,Sales
285,Ephrem,Duffield,173666,Sales Representative,Sales
286,Cristiano,Byers,50278,Environmental Tech,Marketing
287,Riobard,Hayland,130262,Librarian,HR
288,Malchy,Yonge,172548,Data Coordinator,Finance
289,Killy,Greensite,100141,Automation Specialist II,IT
290,Tymon,Tomkys,156198,Legal Assistant,Finance
291,Lothario,Wormell,145616,Registered Nurse,Sales
292,Land,Baseggio,199034,Web Developer IV,IT
293,Gradey,Mattersley,61656,Sales Representative,HR
294,Andrew,Garron,135255,Analog Circuit Design manager,HR
295,Obidiah,Chimes,108995,Senior Editor,Sales
296,Maxim,Rattenbury,193069,Clinical Specialist,Finance
297,Der,Neem,139386,Staff Scientist,Marketing
298,Estevan,Broseke,131593,Tax Accountant,Sales
299,Hadrian,Enrietto,57859,Sales Associate,Finance
300,Adamo,Masey,155674,Help Desk Operator,Marketing
301,Lorne,Nisuis,72623,Dental Hygienist,Sales
302,Findley,Stoyell,144404,Project Manager,Marketing
303,Juan,Antwis,91412,Systems Administrator IV,Sales
304,King,Ruperti,72077,Web Developer I,Finance
305,Walt,Treherne,106460,Senior Developer,Marketing
306,Borg,Seid,166788,Payment Adjustment Coordinator,Marketing
307,Wake,Tethacot,55081,VP Quality Control,Marketing
308,Carlyle,Kingsmill,151732,Editor,Marketing
309,Juan,Carluccio,164254,Assistant Manager,IT
310,Bob,Leivesley,181477,Sales Representative,Sales
311,Ruben,Silverman,157919,Staff Scientist,HR
312,Gregorio,Bawdon,193299,Dental Hygienist,Marketing
313,Barclay,Bortoli,117642,Assistant Manager,IT
314,Aldis,Tatum,199833,VP Product Management,Finance
315,Radcliffe,Halgarth,83649,Human Resources Manager,HR
316,Pattin,Nibley,110714,Office Assistant IV,IT
317,Nichole,Creffield,178584,Nurse Practicioner,HR
318,Mahmoud,Lavielle,178427,Assistant Manager,Finance
319,Kennedy,Martinovic,52367,Business Systems Development Analyst,Finance
320,Arvy,Petasch,141418,Engineer I,HR
321,Buiron,Lonsdale,130345,Payment Adjustment Coordinator,Marketing
322,Mohandas,Nightingale,74138,Junior Executive,IT
323,William,Runchman,151541,Nurse,Marketing
324,Lisle,Artingstall,110673,Sales Representative,Sales
325,Waldemar,Wawer,91749,Environmental Tech,Finance
326,Redd,Gorwood,91831,Staff Accountant IV,Marketing
327,Hervey,Yewdall,161971,Geologist I,Marketing
328,Slade,Pech,195601,VP Marketing,IT
329,Parrnell,Hagstone,177201,Systems Administrator II,Marketing
330,Sebastian,Lias,130615,Financial Advisor,Marketing
331,Lew,Espinel,177482,Senior Sales Associate,HR
332,Ambrosius,Holdall,69913,Research Associate,IT
333,Mikey,De Ath,102267,Executive Secretary,IT
334,Heath,Sellwood,173779,Financial Analyst,Finance
335,Sergei,Glendining,127750,Teacher,IT
336,Noby,Tiddy,167384,Help Desk Technician,Finance
337,Griffie,Heimes,163071,Executive Secretary,Sales
338,Alasteir,Lilburne,179116,Biostatistician IV,IT
339,Marwin,Gerish,92051,Assistant Professor,Sales
340,Giacomo,Findley,59588,Actuary,IT
341,Nathaniel,Mainson,180240,Mechanical Systems Engineer,Marketing
342,Filberto,Wysome,138336,Structural Analysis Engineer,HR
343,Stanley,de Glanville,133034,Civil Engineer,Finance
344,Gaultiero,Stanesby,77502,Financial Advisor,Finance
345,Colas,Lanmeid,96516,Help Desk Technician,HR
346,Gregor,Offiler,54703,Assistant Media Planner,IT
347,Gonzales,Farraway,61201,Graphic Designer,IT
348,Kinny,Meriet,125388,Librarian,Finance
349,Frazier,Martinets,134082,Financial Analyst,HR
350,Jo,Jeacop,117637,Internal Auditor,Marketing
351,Sancho,Yandell,191447,Speech Pathologist,HR
352,Efren,Vidloc,58513,Analog Circuit Design manager,IT
353,Prescott,Sumpter,155625,Research Associate,IT
354,Kenny,Grigsby,144692,Payment Adjustment Coordinator,Marketing
355,Jedidiah,Buckby,103603,Safety Technician IV,HR
356,Balduin,Arnefield,155087,Software Test Engineer II,IT
357,Seward,Boak,119502,General Manager,HR
358,Lou,De Maria,113880,Biostatistician IV,IT
359,Leighton,Egentan,81297,VP Sales,Sales
360,Kort,Bartolomivis,173337,Environmental Tech,IT
361,Gualterio,Wildes,129990,VP Quality Control,HR
362,Fax,Venton,119707,Sales Representative,HR
363,Kylie,Withrop,104947,Research Nurse,IT
364,Emile,Skews,136388,VP Sales,Finance
365,Layton,Quilliam,118933,Account Executive,Marketing
366,Court,Quarton,141518,VP Accounting,HR
367,Glen,Domanek,173742,Web Designer II,Finance
368,Giraud,Mowett,194895,Geological Engineer,Marketing
369,Alfy,Tancock,63345,Project Manager,HR
370,Shelby,Mycock,178578,Software Engineer III,Sales
371,Currey,Neicho,92851,Accountant I,HR
372,Lenci,Timmons,88025,Internal Auditor,Finance
373,Johnnie,Python,187983,Analyst Programmer,IT
374,Josias,O' Loughran,139461,Business Systems Development Analyst,Marketing
375,Reube,Brader,89816,Systems Administrator II,HR
376,Marlin,Caswill,143513,Geological Engineer,IT
377,Eamon,Begley,175800,Structural Engineer,Marketing
378,Hoebart,Alstead,194078,Senior Financial Analyst,HR
379,Meade,Bispham,60418,Quality Control Specialist,Sales
380,Lionel,Pykerman,180999,Mechanical Systems Engineer,HR
381,Beck,Renfrew,83726,VP Quality Control,Sales
382,Tallie,Doyle,132415,Marketing Assistant,Finance
383,Alard,Lints,159483,Senior Cost Accountant,Sales
384,Darrick,Gundrey,133992,Project Manager,Marketing
385,Washington,Dorgan,107854,Health Coach I,Sales
386,Durant,Witherup,136173,General Manager,Finance
387,Nickie,Allcott,67600,Staff Accountant III,IT
388,Kenton,Foxhall,129336,Budget/Accounting Analyst IV,Sales
389,Tomas,Coggen,97917,Quality Engineer,Sales
390,Roth,Pidgley,138152,Environmental Tech,Finance
391,Hillyer,Castaneda,189915,Systems Administrator III,HR
392,Bard,Kippie,62286,VP Sales,Finance
393,Massimiliano,Stanlack,199418,Account Executive,Marketing
394,Jasun,Mogridge,133079,Database Administrator IV,IT
395,Neal,Farfoot,181562,Account Executive,Marketing
396,Flem,Keaton,82554,VP Product Management,Marketing
397,Chas,Hansford,52224,Automation Specialist I,Finance
398,Gavin,St Ledger,112933,Payment Adjustment Coordinator,IT
399,Eustace,Biggadike,180879,Senior Developer,HR
400,Basile,Hildrew,159478,Financial Analyst,Sales
401,Garfield,Stonebanks,58875,Compensation Analyst,Sales
402,Ab,Andrasch,84595,Administrative Assistant II,Sales
403,Nico,Figura,88255,Database Administrator I,Marketing
404,Foster,Pruce,95518,Accountant II,HR
405,Rodge,Greggersen,165006,Structural Analysis Engineer,Finance
406,Solly,Courtliff,102134,VP Product Management,HR
407,Batholomew,Reaman,177767,Biostatistician III,HR
408,Merle,Laslett,177808,Programmer Analyst IV,Marketing
409,Esme,Gonnet,115129,Accountant III,HR
410,Garwin,Catonnet,59417,Legal Assistant,Finance
411,Raymond,Huband,189853,Director of Sales,Marketing
412,Ray,Lappine,165547,Project Manager,Marketing
413,Fitzgerald,Hourigan,98977,Speech Pathologist,Sales
414,Izzy,Peeters,131375,VP Product Management,IT
415,Waldemar,MacKintosh,186258,Office Assistant II,IT
416,Enos,Skinner,172473,Statistician III,IT
417,Ramsey,Thomazet,69222,Financial Advisor,Sales
418,Skyler,MacKeogh,105723,Sales Representative,IT
419,Willi,Clipsham,113448,Junior Executive,Finance
420,Pail,Dubbin,194030,Sales Associate,IT
421,Teodorico,Cleugher,57411,Software Engineer IV,Sales
422,Raymund,Ahrenius,186349,Assistant Professor,Finance
423,Buckie,Ansty,154153,Account Coordinator,Marketing
424,Whit,Morden,105906,Data Coordinator,Marketing
425,Lion,Plowell,62830,Computer Systems Analyst III,Finance
426,Ham,Brennon,91444,Desktop Support Technician,IT
427,Wittie,Rosin,154177,Assistant Media Planner,Sales
428,Berne,Crow,99855,Systems Administrator II,Sales
429,Giorgi,di Rocca,151056,Research Nurse,Finance
430,Bryon,O'Tuohy,52999,Senior Financial Analyst,Finance
431,Lind,Yurkiewicz,160027,Environmental Specialist,IT
432,Cesaro,Furtado,135123,Statistician II,HR
433,Curtice,Tarren,169598,GIS Technical Architect,Finance
434,Bernarr,Justham,70721,Staff Accountant II,Sales
435,Vergil,Le Jean,100198,VP Quality Control,IT
436,Tuckie,Rosling,194627,Paralegal,Finance
437,Jerry,Maides,187314,Automation Specialist I,IT
438,Finn,Shankle,99821,Biostatistician II,IT
439,Rubin,Benoey,148446,GIS Technical Architect,HR
440,Reinald,Rickis,104651,Senior Sales Associate,IT
441,Salvidor,Bollini,127958,Social Worker,Finance
442,Giorgio,Kyle,152298,Statistician III,IT
443,Kimbell,Bowcher,198218,Media Manager I,Finance
444,Chadwick,Sharple,172575,Senior Quality Engineer,HR
445,Kenny,Hacquel,75431,Administrative Officer,Sales
446,Raoul,Fenlon,151692,Nurse Practicioner,Marketing
447,Moss,Clubley,94433,Accountant III,Finance
448,Perkin,Gask,118210,Structural Engineer,Finance
449,Waiter,Dacres,94160,Mechanical Systems Engineer,HR
450,Algernon,Holmyard,165606,Environmental Specialist,Marketing
451,Taddeo,Perdue,72001,Help Desk Technician,Finance
452,Tome,Carde,141993,Marketing Manager,Marketing
453,Bengt,Brunn,90558,Cost Accountant,Marketing
454,Pren,Ballister,196353,Sales Associate,IT
455,Garold,Leif,71140,VP Marketing,Marketing
456,Zebulon,Ricardot,72861,VP Accounting,Marketing
457,Garth,Bugdall,190090,Executive Secretary,IT
458,Zachariah,Tainton,169221,Engineer I,Finance
459,Chrotoem,Fibbit,187900,Safety Technician II,HR
460,Randell,Seif,177683,Sales Representative,IT
461,Gerrie,Hundy,122266,Budget/Accounting Analyst I,IT
462,Berny,Hatfull,118273,VP Product Management,IT
463,Broderic,Southey,86302,Engineer III,Marketing
464,Cirstoforo,Brader,146896,VP Quality Control,HR
465,Olvan,Padrick,191071,Assistant Media Planner,HR
466,Yehudi,Yeend,174960,Structural Analysis Engineer,Finance
467,Jeff,Robardey,150184,Software Test Engineer IV,Marketing
468,Gage,Gaffon,63922,Account Coordinator,Marketing
469,Paten,Margett,112707,Media Manager I,IT
470,Manuel,Iacovucci,178826,Help Desk Technician,HR
471,Diarmid,Ashforth,164593,Registered Nurse,Finance
472,Conan,Witten,105234,Physical Therapy Assistant,Sales
473,Abeu,Attenborough,77475,Compensation Analyst,Sales
474,Orland,Dog,145047,Design Engineer,HR
475,Pebrook,Baptista,96601,Accountant II,HR
476,Alaric,Peagrim,136921,Accounting Assistant II,Sales
477,Grantley,Lemon,111085,Software Engineer II,IT
478,Giff,Tanfield,176282,Electrical Engineer,Finance
479,Ike,Codner,85455,Programmer Analyst IV,IT
480,Lanny,Carrick,83856,Environmental Specialist,HR
481,Ichabod,Sagerson,66204,Staff Accountant IV,Finance
482,Steffen,Yare,117181,Account Executive,Finance
483,Feliks,Andrejevic,50706,Legal Assistant,IT
484,Rogers,Raunds,96845,Account Representative I,Marketing
485,Malvin,Devonish,195561,Executive Secretary,IT
486,Saw,Johansson,97049,Budget/Accounting Analyst I,Marketing
487,Mackenzie,Birden,128724,Environmental Tech,Sales
488,Raymond,Colly,150934,Systems Administrator IV,Marketing
489,Tommie,Thomasset,170958,Systems Administrator II,Marketing
490,Reinaldos,Klemmt,137040,Nurse Practicioner,IT
491,Thaxter,Teck,53372,GIS Technical Architect,Sales
492,Rich,Dalling,168415,Systems Administrator I,HR
493,Pierre,Klossmann,78797,Senior Sales Associate,Marketing
494,Farlie,Clubley,175485,Sales Representative,Marketing
495,Sherlock,Shellsheere,112689,Staff Accountant II,HR
496,Willard,Craisford,68445,Community Outreach Specialist,Sales
497,Ric,Deetlof,177631,Developer II,Sales
498,Hart,Prandoni,163473,Human Resources Assistant IV,Sales
499,Murdoch,McLewd,91712,Staff Accountant IV,Marketing
500,Ed,Horder,164955,Senior Quality Engineer,HR
501,Willi,Dibnah,189770,Data Coordinator,Finance
502,Brant,Robbert,127349,Actuary,Sales
503,Estevan,McGauhy,119886,Programmer II,Sales
504,Berkeley,Sutterby,89488,Electrical Engineer,HR
505,Hamnet,Itzhak,174537,Web Designer III,IT
506,Boycie,Eltun,161025,Associate Professor,Sales
507,Cullie,Claypole,77286,Marketing Manager,HR
508,Thane,Weber,177778,Automation Specialist II,HR
509,Cornelius,Bordessa,160123,Junior Executive,HR
510,Arty,Bruckstein,83578,Media Manager II,Marketing
511,Tabor,Clever,185567,Statistician I,Finance
512,Earvin,Huie,90799,Community Outreach Specialist,Sales
513,Roscoe,Loeber,138331,Developer III,Sales
514,Tobiah,Van Der Vlies,53429,Speech Pathologist,HR
515,Donny,Hearnshaw,109360,Cost Accountant,Marketing
516,Riordan,Duplain,62499,Research Assistant II,Sales
517,Bill,Azema,172788,Geologist II,Sales
518,Hallsy,Killford,93681,Help Desk Technician,IT
519,Gabi,Labbez,174993,Analyst Programmer,Finance
520,Fabiano,Cocklie,110403,Office Assistant III,IT
521,Frasco,Boddam,92818,Information Systems Manager,Finance
522,Eric,Tureville,197796,Computer Systems Analyst III,HR
523,Orbadiah,Truckell,101343,General Manager,Finance
524,Howie,Flute,156521,Database Administrator III,Finance
525,Kevon,Strother,58459,Account Executive,HR
526,Selby,Domino,69994,Financial Advisor,Sales
527,Leif,Sarfass,101838,Business Systems Development Analyst,Marketing
528,Shannon,Seymour,110627,Nuclear Power Engineer,Sales
529,Jose,Ruffli,189896,VP Product Management,IT
530,Stephen,Verry,62697,General Manager,HR
531,Wilmar,Gooderridge,121730,Chemical Engineer,Finance
532,Elsworth,Curd,133348,Assistant Manager,Sales
533,Frasier,Golborn,103363,Social Worker,HR
534,Hasty,Bartelot,102980,Associate Professor,Sales
535,Keelby,Banasik,64549,Software Test Engineer III,HR
536,Gasper,Triplett,195016,Account Representative IV,Marketing
537,Wallie,Prenty,121475,VP Accounting,HR
538,Tudor,Askie,57135,Software Consultant,Sales
539,Jarrod,Bradick,82192,Actuary,Finance
540,Bennett,Chartman,132896,Internal Auditor,IT
541,Niki,Trevarthen,157901,Associate Professor,Finance
542,Currey,McElane,186712,Quality Control Specialist,Finance
543,Keefer,Shirer,187461,Paralegal,IT
544,Nikki,Penhale,74435,Accountant II,HR
545,Terrance,Bordis,121222,Programmer II,Marketing
546,Natty,Oventon,162421,Web Developer IV,Finance
547,Gordie,Reek,145247,Web Developer I,Marketing
548,Pebrook,Lawlings,118394,Executive Secretary,IT
549,Emmy,Champness,81829,Analog Circuit Design manager,Marketing
550,Waylin,Tompion,166988,VP Accounting,Sales
551,Heath,Bofield,173391,Office Assistant II,HR
552,Alford,Scudder,111211,Environmental Specialist,HR
553,Sergio,Budgey,89245,Human Resources Assistant IV,IT
554,Brose,Spridgen,151912,Mechanical Systems Engineer,IT
555,Benn,Uzielli,154915,Senior Editor,Finance
556,Lucius,Pattinson,169082,Account Coordinator,HR
557,Emelen,Cullon,63511,Actuary,Marketing
558,Manolo,Haffard,83150,Community Outreach Specialist,HR
559,Lanny,Chill,70642,Graphic Designer,Marketing
560,Rustie,Demangeot,77697,Recruiter,HR
561,Jarib,Callander,54510,Speech Pathologist,Sales
562,Richy,Firidolfi,110593,Financial Advisor,HR
563,Reidar,Ghidotti,183885,VP Accounting,HR
564,Felic,Mattack,132789,Paralegal,HR
565,Dieter,Naptine,167047,Account Coordinator,Marketing
566,Kelby,Kellington,82608,Structural Engineer,IT
567,Bald,Tristram,90708,Web Developer IV,HR
568,Smitty,MacLleese,174331,Nurse Practicioner,Sales
569,Wain,Janicki,103637,Biostatistician III,Marketing
570,Isac,Rathbourne,134794,Senior Financial Analyst,HR
571,Paige,Mathewson,172923,Professor,Finance
572,Hakeem,Inmett,167830,Software Consultant,Finance
573,Darby,Fursland,175225,Software Test Engineer III,Sales
574,Darrin,Jakeman,164100,Mechanical Systems Engineer,Marketing
575,Salmon,McGinly,97590,Software Test Engineer III,HR
576,Dudley,Aleavy,65740,Programmer Analyst I,HR
577,Roscoe,Rowley,177449,Office Assistant II,HR
578,Dev,Revens,104367,Geologist II,Finance
579,Lew,Raise,165809,Environmental Specialist,Finance
580,Daven,Bouzek,172292,VP Product Management,Finance
581,Culley,Szymonwicz,181676,Assistant Manager,Finance
582,Heall,Effnert,140025,Senior Editor,Finance
583,Brent,Gladden,92969,Chemical Engineer,Sales
584,Luca,Strelitzer,126480,Nuclear Power Engineer,Finance
585,Natale,Annett,182678,Research Assistant II,HR
586,Kendal,Cowser,190654,Web Developer I,Marketing
587,Alley,Golsthorp,107292,Administrative Assistant IV,IT
588,Archibald,Roblin,198540,Sales Associate,IT
589,Samuele,Hazeldene,192275,Recruiting Manager,Finance
590,Jeramey,Pawlett,154159,Media Manager II,Marketing
591,Ximenez,MacPaik,99054,GIS Technical Architect,HR
592,Johnny,Pawsey,170124,Media Manager II,IT
593,Shaine,Aaron,148582,Payment Adjustment Coordinator,Marketing
594,Patrice,Clemente,109746,Marketing Manager,HR
595,Alleyn,Crosbie,172174,Quality Engineer,Sales
596,Carter,Constantine,163916,Developer II,HR
597,Ripley,Patkin,157323,Assistant Media Planner,IT
598,Alanson,Noddings,107954,Software Consultant,Marketing
599,Giorgi,Simmgen,132266,Operator,IT
600,Shepperd,Glawsop,67187,Senior Quality Engineer,HR
601,Grannie,Altofts,166858,Media Manager III,Finance
602,Talbot,Iwanowicz,183669,Compensation Analyst,Marketing
603,Vern,Shaves,196079,Budget/Accounting Analyst IV,IT
604,Karim,Casaroli,198937,Web Designer IV,Finance
605,Sean,Riddles,88833,Software Consultant,Finance
606,Delmar,O' Neligan,133150,Senior Cost Accountant,IT
607,Bryce,Sartin,194875,Assistant Professor,Finance
608,Mychal,Shilvock,77148,Office Assistant III,Marketing
609,Roarke,Prynne,198858,Community Outreach Specialist,IT
610,Byran,Gillebert,138019,Information Systems Manager,Marketing
611,Matt,Layborn,181488,Safety Technician III,HR
612,Reinhold,Waterstone,89606,Health Coach II,Sales
613,Janek,Findley,167601,Software Consultant,Finance
614,Seward,Tugwell,80632,Operator,Sales
615,Rolland,Rickaby,168095,Speech Pathologist,IT
616,Dieter,Benam,117434,Environmental Tech,Sales
617,Adolpho,Almey,119804,Community Outreach Specialist,Finance
618,Donn,Rochewell,166830,Systems Administrator II,Sales
619,Shaun,Fairs,166067,Marketing Assistant,IT
620,Constantine,McRobert,106094,Paralegal,Sales
621,Rustin,Alonso,181749,Statistician I,IT
622,Thaxter,De Beneditti,50490,Nuclear Power Engineer,HR
623,Howie,Meaney,198655,Accountant I,Sales
624,Isidro,Powrie,68462,Staff Scientist,HR
625,Ramon,Forri,118051,Staff Accountant IV,Marketing
626,Gabriel,Sevior,152607,Biostatistician III,Marketing
627,Nikolai,Pencost,120298,Pharmacist,Sales
628,Nicola,Dimont,92342,Senior Sales Associate,Sales
629,Lalo,Breagan,70746,Information Systems Manager,Marketing
630,Kimbell,Relph,188454,Mechanical Systems Engineer,Finance
631,Dev,Dutson,146978,Nuclear Power Engineer,HR
632,Curran,Brandrick,77500,Staff Accountant III,IT
633,Ingar,Lacer,68989,Senior Cost Accountant,Finance
634,Armand,Staines,103869,Database Administrator I,Finance
635,Urbain,Skillington,90476,Web Designer I,Marketing
636,Bartlet,Severy,81361,Quality Control Specialist,Finance
637,Leonerd,Walsham,148550,Physical Therapy Assistant,HR
638,Hyatt,Drewry,83470,Budget/Accounting Analyst II,Sales
639,Hillie,Fraschini,171741,Human Resources Manager,HR
640,Grantley,Revel,175844,Senior Cost Accountant,IT
641,Brendin,Floyd,170895,Automation Specialist II,Marketing
642,Elden,Scimoni,59460,Electrical Engineer,Marketing
643,Alf,Foulds,186234,VP Accounting,HR
644,Chic,Fintoph,172340,Software Test Engineer III,Finance
645,Godfry,Dorrell,155164,Chemical Engineer,Marketing
646,Torry,Nuth,56493,GIS Technical Architect,IT
647,Tuckie,Hogben,133033,Structural Engineer,HR
648,George,Hailes,77123,Junior Executive,Finance
649,Red,Romanin,159367,Senior Developer,IT
650,Fremont,Shobrook,51700,Business Systems Development Analyst,Marketing
651,Merle,Dannatt,155206,Physical Therapy Assistant,Marketing
652,Hillard,Spillard,191274,Human Resources Assistant II,IT
653,Raimondo,Elphinstone,63904,Director of Sales,Finance
654,Rooney,Rosenbloom,91899,Administrative Assistant III,Sales
655,Earl,Samett,157041,Tax Accountant,Sales
656,Dorey,Bickmore,142658,General Manager,Finance
657,Urbanus,Monaghan,139654,Account Representative II,IT
658,Delano,Ridder,74443,Operator,HR
659,Leeland,Twitty,51697,Safety Technician IV,Sales
660,Torre,Semeniuk,163107,Software Consultant,Marketing
661,Westley,Consadine,167097,Design Engineer,IT
662,Arel,Vella,98324,Software Consultant,HR
663,Trever,Huckett,197886,Sales Associate,HR
664,Hailey,Colt,176429,Assistant Manager,Sales
665,Mason,Stedson,98289,Software Engineer II,Finance
666,Lauren,Cordeiro,66248,Nurse Practicioner,Marketing
667,Brooks,Rennard,158340,Assistant Professor,HR
668,Benn,Mehmet,182645,Accountant IV,Sales
669,Maximilien,Bibb,103492,Statistician III,Sales
670,Bail,Cauthra,118760,Senior Developer,Finance
671,Phillip,Gookey,121587,Operator,HR
672,Travus,Headan,193895,Registered Nurse,IT
673,Evin,Benbow,191347,VP Sales,Sales
674,Ludvig,Berrey,156263,General Manager,IT
675,Ward,Pawlata,121619,Account Representative II,Marketing
676,Hendrik,Broadstock,195297,Account Coordinator,Finance
677,Gardie,Maryet,198125,Structural Engineer,IT
678,Hasheem,Liddon,130235,Senior Financial Analyst,Finance
679,Jerrie,Leggat,136117,Account Representative I,Finance
680,Perice,Peasee,95406,Geologist II,HR
681,Isiahi,Howis,100261,Database Administrator III,Sales
682,Chicky,Lugden,157590,Software Consultant,Finance
683,Eadmund,Tottle,87231,Dental Hygienist,Finance
684,Niccolo,Orsi,125483,Design Engineer,Sales
685,Hilarius,Borchardt,157169,Account Coordinator,HR
686,Brig,Tuxsell,124217,Senior Cost Accountant,IT
687,Isaac,Kennifick,83607,Statistician III,IT
688,Gram,Nani,104657,VP Sales,Marketing
689,Angus,Aikett,56873,Internal Auditor,Sales
690,Nick,Offord,117047,Teacher,IT
691,Joey,Schiementz,164611,Programmer Analyst III,IT
692,Jammal,Harbinson,82703,Dental Hygienist,HR
693,Cristobal,Silmon,51749,Programmer Analyst I,Marketing
694,Benyamin,Huburn,168447,Statistician I,Marketing
695,Ernest,Jacmard,78429,Quality Control Specialist,Marketing
696,Baryram,Ferrieres,63612,Assistant Professor,HR
697,Trey,Longridge,93233,Social Worker,IT
698,Elwin,Tomaszewski,192885,Help Desk Operator,Sales
699,Philip,Brennan,124262,Software Engineer II,Marketing
700,Redford,Baskeyfied,87462,Internal Auditor,Marketing
701,Terrill,Ludy,55345,Graphic Designer,HR
702,Ulrich,Carlone,118182,Help Desk Operator,Finance
703,Donovan,Cressor,107937,Web Developer II,HR
704,Ricky,Jehu,159118,Staff Scientist,IT
705,Marcelo,Ninnoli,68331,Data Coordinator,IT
706,Clim,Goulstone,77143,Tax Accountant,HR
707,Nicolis,Costelow,186564,Information Systems Manager,HR
708,Nestor,Thal,82802,Teacher,Finance
709,Louie,Olenikov,123946,Tax Accountant,IT
710,Zerk,Blasi,127793,Research Nurse,IT
711,Noak,Lisciardelli,164721,Budget/Accounting Analyst III,Marketing
712,Dennie,Eglington,119095,Nurse,Marketing
713,Luca,Crum,196776,Accounting Assistant III,Finance
714,Colman,Kenworthy,176479,Web Designer I,Sales
715,Bud,Liepins,114280,VP Marketing,HR
716,Gerald,Girk,71852,VP Accounting,HR
717,Hank,Peegrem,68874,Research Assistant IV,HR
718,Bastien,McAteer,121049,Budget/Accounting Analyst III,Finance
719,Nat,Enever,75503,Accounting Assistant II,Marketing
720,Ossie,Witherup,170157,Geological Engineer,Finance
721,Nat,Gittins,152641,Help Desk Technician,IT
722,Hayden,Andrick,110214,Legal Assistant,IT
723,Ingram,Patten,81519,Marketing Assistant,IT
724,Erl,Corfield,168855,VP Accounting,Marketing
725,Jason,Rolling,112121,Health Coach I,Marketing
726,Sherwynd,Borrows,197594,Cost Accountant,HR
727,Hersch,Gasken,64142,Senior Editor,Marketing
728,Fredek,Nunns,108882,Pharmacist,HR
729,Brannon,Bothram,126026,Civil Engineer,Finance
730,Addy,Stammirs,130707,Nuclear Power Engineer,Marketing
731,Davidde,Alps,93851,Engineer III,IT
732,Nicolai,Lunge,190060,Speech Pathologist,HR
733,Jammal,Cobello,156073,VP Sales,Marketing
734,Puff,Poile,183101,Desktop Support Technician,HR
735,Casey,Fidgin,179600,Internal Auditor,HR
736,Andris,Scarfe,117247,Financial Advisor,IT
737,Perice,Feare,88223,Engineer IV,Finance
738,Fleming,Juhruke,93047,Marketing Assistant,IT
739,Egan,Headan,144647,Food Chemist,Marketing
740,Alard,Boles,80430,Legal Assistant,HR
741,Killian,Rothera,62106,Web Designer III,IT
742,Jefferey,Hritzko,77870,Sales Representative,Marketing
743,Prinz,Mulcaster,113677,Editor,Sales
744,Isak,Powles,115628,Administrative Assistant II,Marketing
745,Amos,Chippindale,71743,Teacher,Marketing
746,Hillyer,Danet,146368,Marketing Manager,Marketing
747,Kimble,Ching,190395,Administrative Assistant III,Finance
748,El,Pinnere,102234,Senior Developer,HR
749,Gardner,Corsar,183473,Tax Accountant,Finance
750,Fleming,Passler,61459,Electrical Engineer,Sales
751,Mike,Bonifas,90836,Help Desk Technician,IT
752,Benoit,Leary,110566,Senior Quality Engineer,IT
753,Gayler,Calcraft,174508,Project Manager,Finance
754,Corty,Yuryaev,174335,Help Desk Technician,HR
755,Hartwell,Dur,69019,General Manager,Marketing
756,Donaugh,Jemmett,106152,Automation Specialist I,Sales
757,Lazar,Cometti,138397,Community Outreach Specialist,IT
758,Adair,Luby,165734,Sales Associate,Marketing
759,Hadleigh,Millin,142452,Information Systems Manager,Sales
760,Base,Medcalf,100184,Senior Developer,HR
761,Con,Tribell,184258,Database Administrator IV,Sales
762,Oates,Cosbee,101786,Administrative Officer,Finance
763,Giuseppe,Trevance,64858,Editor,Marketing
764,Noach,Granger,194187,Research Assistant IV,Marketing
765,Conrad,Whal,71672,Statistician III,HR
766,Hiram,Everson,110319,Associate Professor,HR
767,Corrie,Defries,136101,Health Coach III,HR
768,Normie,McFeat,137667,Recruiting Manager,HR
769,Boniface,Guitt,95256,Information Systems Manager,Finance
770,Flin,Axton,50779,Help Desk Operator,Finance
771,Boris,Cottham,70404,VP Accounting,HR
772,Towny,Gresly,132090,Data Coordinator,Finance
773,Ripley,Farrer,186754,Software Engineer IV,Sales
774,Si,Carrodus,157145,Pharmacist,Marketing
775,Culver,Flower,165408,Design Engineer,IT
776,Bern,Simla,70101,Account Representative I,Marketing
777,Aldridge,Dickson,154011,Marketing Assistant,IT
778,Zackariah,Blackhall,181532,Geologist III,IT
779,Aldo,Lishmund,111743,Senior Editor,Finance
780,Brook,Goodanew,154852,Recruiting Manager,Sales
781,Ludvig,McDuff,143864,VP Quality Control,Finance
782,Ogdon,Presdie,177998,Senior Developer,IT
783,Guy,Gherardelli,158697,Administrative Officer,HR
784,Lezley,Pendre,52846,Account Executive,IT
785,Nickie,Gather,134539,Engineer II,Sales
786,Stacy,Williamson,170170,Account Representative I,HR
787,Carrol,Kemmons,58393,Systems Administrator IV,HR
788,Kip,Sibthorpe,79650,Professor,Finance
789,Cassius,Merrison,75244,Data Coordinator,Finance
790,Hadley,Mixer,119135,Office Assistant I,IT
791,Silvester,Scothern,144802,General Manager,Finance
792,Giraldo,Frankel,119475,Teacher,HR
793,Merry,Quilliam,132053,Senior Cost Accountant,HR
794,Rustin,Glossup,159064,Human Resources Manager,Sales
795,Wayland,Aslie,184642,Senior Financial Analyst,HR
796,Kerwinn,Simonini,169828,Food Chemist,IT
797,Reilly,Learmount,87759,Structural Engineer,Finance
798,Jaymie,Wyche,172588,Community Outreach Specialist,HR
799,Shepperd,Hindsberg,138825,Information Systems Manager,HR
800,Walt,Reolfo,153482,Legal Assistant,Sales
801,Tabor,Thake,106669,Human Resources Assistant III,Marketing
802,Sandor,Noton,95751,Actuary,Sales
803,Ciro,Donaghie,109939,Account Executive,Sales
804,Brit,Ridgley,163153,VP Quality Control,Sales
805,Wilbert,Hows,109282,Mechanical Systems Engineer,Marketing
806,Woodie,Danniel,159481,Cost Accountant,IT
807,Myer,Physick,91058,Community Outreach Specialist,IT
808,Nikolas,Fazakerley,175738,Software Consultant,HR
809,Erin,Whetton,179406,Legal Assistant,HR
810,Johnathan,Mainz,137547,Recruiting Manager,Sales
811,Roy,O'Dare,56650,Nurse,Finance
812,Silvio,Bolino,89706,Statistician IV,Finance
813,Ray,Buller,165872,Web Designer II,Sales
814,Pierre,Legerton,116990,GIS Technical Architect,Finance
815,Kane,Shervil,105863,Administrative Officer,Finance
816,Mikol,MacGilrewy,104693,Staff Scientist,HR
817,Cassie,Lamswood,95250,VP Accounting,Marketing
818,Web,Orro,139708,Quality Control Specialist,HR
819,Malchy,Marriott,106037,Safety Technician III,IT
820,Ahmed,Wiszniewski,70716,Programmer Analyst IV,Marketing
821,Manuel,Bresnahan,199304,Civil Engineer,IT
822,Pooh,Petzolt,66881,Design Engineer,Sales
823,Peter,Hearon,166371,Legal Assistant,Marketing
824,Bryon,Helsby,56408,Health Coach IV,Sales
825,Geoff,Durtnel,62805,Desktop Support Technician,IT
826,Hazel,Pickard,68685,Environmental Tech,Finance
827,Bo,Eynaud,58512,Quality Control Specialist,HR
828,Clarence,Summerly,94064,Clinical Specialist,HR
829,Geno,Peverell,188845,Database Administrator I,IT
830,Wilton,Vinsen,71089,Nurse Practicioner,Sales
831,Brander,Pottberry,83394,Research Assistant II,Sales
832,Arvie,Siddons,177049,Marketing Assistant,Marketing
833,Rem,MacAllan,64762,Nurse,Marketing
834,Dalli,Stife,80270,VP Product Management,Finance
835,Berkley,Folds,50430,Geologist I,IT
836,Sig,Knutsen,91517,Administrative Officer,IT
837,Wash,Meineking,105184,Account Representative IV,Sales
838,Gerri,Foucard,155301,Food Chemist,Marketing
839,Laurens,Subhan,128199,Programmer III,Sales
840,Drew,Tesauro,158720,Desktop Support Technician,IT
841,Dame,Fassum,168092,Paralegal,Finance
842,Lazaro,Pidduck,61647,Software Test Engineer I,HR
843,Kimball,Wauchope,116964,Occupational Therapist,IT
844,Garret,Trowill,195596,Computer Systems Analyst II,HR
845,Noble,Peddowe,76355,Media Manager IV,IT
846,Freemon,Wasiel,65969,Research Assistant IV,IT
847,Mal,Jamot,71971,Sales Associate,Marketing
848,Fitz,Greenstreet,68145,Web Designer III,IT
849,Flin,Chotty,72348,Operator,HR
850,Donn,Birdsey,171498,Chemical Engineer,Marketing
851,Cary,Grierson,75308,Registered Nurse,Finance
852,Ruddy,Vieyra,60653,Chemical Engineer,Marketing
853,Will,Vivyan,82737,Senior Developer,Finance
854,Whitby,Kestle,67554,Programmer II,Finance
855,Erastus,Edmead,136680,Civil Engineer,Finance
856,Travis,Itzhaiek,92302,Occupational Therapist,Finance
857,Ravi,Galbreth,137320,Mechanical Systems Engineer,HR
858,Munroe,Otter,177893,Electrical Engineer,Finance
859,Court,Dunckley,98174,Software Test Engineer III,HR
860,Rollin,Twist,124742,Office Assistant III,Finance
861,Quillan,Dallaghan,157121,Data Coordinator,IT
862,Vick,Wilsher,99076,Executive Secretary,IT
863,Christie,Hallstone,167115,Community Outreach Specialist,Sales
864,Hall,Sheldon,191903,Registered Nurse,Finance
865,Sherlocke,Syder,196521,Project Manager,IT
866,Maximilian,Griffin,196873,Structural Analysis Engineer,Marketing
867,Mar,Janoch,173377,Research Assistant III,Finance
868,Kristofer,Lebourn,77397,Web Developer III,IT
869,Sly,Chezier,106213,Senior Financial Analyst,Finance
870,Garrett,Andrzej,104853,Accounting Assistant IV,IT
871,Matthiew,Dene,123601,Technical Writer,Marketing
872,Elmo,Jakoub,73244,Environmental Tech,Sales
873,Thorsten,Scrange,67592,Research Associate,Marketing
874,Rees,Ingliss,174389,Structural Analysis Engineer,HR
875,Monty,Thurstance,94024,Media Manager IV,Marketing
876,Ingelbert,Aingel,117041,Geological Engineer,HR
877,Lorant,Pinkie,120851,Electrical Engineer,IT
878,Engelbert,Fortnum,57449,GIS Technical Architect,Sales
879,Hamid,Cockren,197343,Senior Quality Engineer,IT
880,Rabbi,Friedank,53339,Staff Accountant III,IT
881,Jasen,Moreinis,71251,Administrative Assistant IV,Marketing
882,Morlee,Winman,65778,Financial Advisor,Finance
883,Neall,Stoak,132417,Analyst Programmer,Finance
884,Kippie,Drane,136938,Research Nurse,Sales
885,Bren,Whereat,182622,VP Sales,HR
886,Rayner,Darlow,75894,Recruiter,Sales
887,Emlen,Lamps,122131,Geological Engineer,IT
888,Rob,Janssens,91305,Media Manager III,IT
889,Welch,Densumbe,190239,Chemical Engineer,HR
890,Cchaddie,Dillicate,161647,Legal Assistant,HR
891,Pat,Durnill,59959,Pharmacist,IT
892,Cecilius,Garthshore,121688,Senior Sales Associate,IT
893,Sebastian,Volett,93719,General Manager,IT
894,Barnaby,Shinn,89777,Graphic Designer,HR
895,Worthy,Leadbitter,67418,GIS Technical Architect,IT
896,Rolland,Girogetti,153786,VP Product Management,IT
897,Dennie,Holttom,153959,Marketing Assistant,IT
898,Justin,Toll,183914,Speech Pathologist,Finance
899,Tammie,Cowdroy,86175,Accounting Assistant III,Sales
900,Ramon,Sperrett,50205,Electrical Engineer,Finance
901,Mace,Ferne,156452,Nurse,Marketing
902,Vincent,Pallis,52967,Compensation Analyst,Marketing
903,Cosme,Piotrkowski,135764,Graphic Designer,IT
904,Staffard,McCarrick,87366,Human Resources Assistant II,Marketing
905,Hewe,Bottrill,95981,Assistant Professor,HR
906,Manuel,Mithon,86844,Recruiting Manager,IT
907,Raphael,Filippo,128786,Nurse,Finance
908,Thatch,Cay,97979,Research Assistant I,IT
909,Allin,Hilbourne,52795,Physical Therapy Assistant,Marketing
910,Brenden,Sprowles,192806,VP Product Management,IT
911,Teodoor,Goodlatt,93272,Information Systems Manager,HR
912,Bailie,Waind,157782,Marketing Assistant,Marketing
913,Ted,Dalzell,199270,Internal Auditor,Marketing
914,Kermy,Raeburn,183891,Civil Engineer,Sales
915,Tedd,Yurin,191257,Marketing Assistant,Sales
916,Emlen,Persicke,163668,Nurse,Marketing
917,Reagen,Libreros,61019,Staff Accountant I,IT
918,Rutherford,Swatradge,58782,Web Designer IV,IT
919,Jayson,Kulicke,91673,Help Desk Technician,Sales
920,Adriano,Peagrim,87197,Administrative Assistant I,HR
921,Julian,Mazzia,158420,Cost Accountant,HR
922,Emilio,Carratt,131783,Sales Representative,Marketing
923,Boycey,Lobley,162340,Accounting Assistant III,IT
924,Chris,Dayly,78802,Chief Design Engineer,Sales
925,Spence,Kohlert,188746,Human Resources Assistant III,Marketing
926,Milty,Tassaker,160069,Information Systems Manager,Sales
927,Lowell,Kirdsch,55214,Human Resources Assistant II,IT
928,Dannie,Vedmore,96005,General Manager,HR
929,Osmond,Stedall,59645,Software Test Engineer II,Marketing
930,Dag,Swanwick,62251,Teacher,HR
931,Buck,Bushby,123146,Design Engineer,Sales
932,Urson,Ruggen,173401,Project Manager,IT
933,Bond,Rosone,158815,Nurse,Finance
934,Bordy,Armfield,62698,Computer Systems Analyst IV,Finance
935,Rock,Bavin,187104,Senior Quality Engineer,Sales
936,Randal,Zack,52781,Analyst Programmer,Sales
937,Horatio,Bertholin,142930,Chemical Engineer,IT
938,Benjamin,Hardeman,152433,Research Assistant III,IT
939,Morrie,Cadney,186193,Structural Analysis Engineer,Finance
940,Jedd,Marfe,102712,Electrical Engineer,HR
941,Grannie,Duxbarry,175817,Systems Administrator I,Marketing
942,Marlo,Springtorp,53443,Quality Engineer,HR
943,Peterus,MacAnelley,110045,Office Assistant I,IT
944,Garret,Balderson,106297,Sales Associate,Finance
945,Gordy,Gatherell,185469,Senior Editor,Marketing
946,Cad,Beine,109205,Engineer I,Finance
947,Lonnie,Dyerson,188966,Senior Sales Associate,Sales
948,Francklyn,Shepherdson,180334,Nuclear Power Engineer,Sales
949,Guido,Boys,71515,Nuclear Power Engineer,Finance
950,Darnell,Philcott,62312,Engineer I,Marketing
951,Averil,Godber,90097,Safety Technician I,HR
952,Moises,Nunns,151548,Database Administrator I,Finance
953,Diego,Fahrenbacher,198012,Dental Hygienist,IT
954,Richmond,Hessay,129394,Registered Nurse,IT
955,Ange,Kingh,126765,Design Engineer,IT
956,Pavel,Brislan,195823,Biostatistician III,IT
957,Abbe,Hastewell,133441,Assistant Manager,Finance
958,Tripp,Harborow,156337,Account Representative II,IT
959,Les,Kohen,51832,Librarian,HR
960,Michale,Stuckes,130090,Sales Associate,Sales
961,Burr,Mumberson,140543,Clinical Specialist,IT
962,Oby,Antonias,184624,Senior Cost Accountant,HR
963,Cooper,Adam,104883,Chemical Engineer,HR
964,Elias,Dyball,197193,Senior Sales Associate,HR
965,Andrew,Lemary,86389,Recruiting Manager,Sales
966,Teador,Evins,57914,Quality Control Specialist,Marketing
967,Klemens,Royl,167609,Marketing Assistant,Finance
968,Doug,Mallender,187952,Legal Assistant,IT
969,Rip,Sealy,71876,Pharmacist,IT
970,Alejandro,Bavidge,124784,Clinical Specialist,Marketing
971,See,Rosedale,175914,Nurse,IT
972,Yorgo,Gladdor,117118,Community Outreach Specialist,Finance
973,Oren,Callard,121827,Teacher,IT
974,Randy,Deackes,166671,Professor,Marketing
975,Keary,McLarty,143122,Financial Advisor,Sales
976,Findlay,Syddon,168879,Senior Sales Associate,Finance
977,Jake,Seymer,189727,Software Consultant,Marketing
978,Porter,Bromhead,142390,Product Engineer,Marketing
979,Hercule,Caunter,95402,Structural Engineer,Sales
980,Robinson,Johananoff,169988,Business Systems Development Analyst,Sales
981,Fredrick,Yakunkin,138976,Data Coordinator,Finance
982,Tam,Dumphrey,72565,Mechanical Systems Engineer,Sales
983,Curcio,Mourant,53259,Administrative Assistant III,Sales
984,Denny,Earingey,103133,VP Marketing,HR
985,Kliment,Weal,90034,Executive Secretary,Sales
986,Arlin,Featherstonhalgh,189273,Human Resources Manager,HR
987,Raff,Parton,184578,Sales Representative,IT
988,Paige,Whylie,178450,Senior Quality Engineer,IT
989,Cello,Fosher,138426,Product Engineer,Marketing
990,Lance,Powrie,105757,Geological Engineer,Sales
991,Kristoforo,Lindores,188484,Environmental Specialist,Marketing
992,Nate,Turley,72513,Programmer I,Sales
993,Benson,Delgado,98536,Quality Engineer,Finance
994,Steve,Jorck,125820,Human Resources Assistant IV,HR
995,Dolf,Weaving,180310,Physical Therapy Assistant,IT
996,Silvio,Cersey,129872,Statistician III,Finance
997,Eduard,Semeniuk,188312,Web Developer I,Marketing
998,Emlyn,Lenchenko,151202,Food Chemist,HR
999,Thebault,Evangelinos,86999,Geologist I,Finance
1000,Hillie,Hunnicot,183683,Accountant I,Sales
